<application>
  <component name="ExportableFileTemplateSettings">
    <default_templates>
      <template name="Component with ViewModel.kt" file-name="${NAME}ViewModel" reformat="true" live-template-enabled="false">
        <template name="Component with ViewModel.kt.child.0.kt" file-name="${NAME}Screen" reformat="true" live-template-enabled="false" />
        <template name="Component with ViewModel.kt.child.1.kt" file-name="${NAME}Event" reformat="true" live-template-enabled="false" />
        <template name="Component with ViewModel.kt.child.2.kt" file-name="${NAME}State" reformat="true" live-template-enabled="false" />
      </template>
      <template name="Component with ViewModel.kt.child.0.kt" file-name="${NAME}Screen" reformat="true" live-template-enabled="false" />
      <template name="Component with ViewModel.kt.child.1.kt" file-name="${NAME}Event" reformat="true" live-template-enabled="false" />
      <template name="Component with ViewModel.kt.child.2.kt" file-name="${NAME}State" reformat="true" live-template-enabled="false" />
    </default_templates>
  </component>
</application>